country,image_url,alpha-2,alpha-3,country-code,iso_3166-2,region,sub-region,intermediate-region,region-code,sub-region-code,intermediate-region-code,GunDeathsAllCausesTotal2019,totalRate,shareOfDeaths,GunDeathsViolentTotal2019,GunDeathsViolentPct2019,GunDeathsViolentRatePer100k2019,gunViolenceByCountry_suicidesPer100k,gunOwnershipByCountry_firearms,gunOwnershipByCountry_per100,gunOwnershipByCountry_military,gunOwnershipByCountry_lawEnf,population
Afghanistan,https://upload.wikimedia.org/wikipedia/commons/9/9a/Flag_of_Afghanistan.svg,AF,AFG,4.0,ISO 3166-2:AF,Asia,Southern Asia,,142.0,34.0,,621.0,1.431767956756457,0.248893805309734,434.0,0.17,1.13,1.0,4270000,12.5,331170.0,239000.0,43372950.00000002
Albania,https://upload.wikimedia.org/wikipedia/commons/3/36/Flag_of_Albania.svg,AL,ALB,8.0,ISO 3166-2:AL,Europe,Southern Europe,,150.0,39.0,,70.0,2.476981762337138,0.028055662434269,40.0,0.18,1.47,1.0,350000,12.0,21750.0,19000.0,2826020.0000000005
Algeria,https://upload.wikimedia.org/wikipedia/commons/7/77/Flag_of_Algeria.svg,DZ,DZA,12.0,ISO 3166-2:DZ,Africa,Northern Africa,,2.0,15.0,,254.0,0.548848001537465,0.101801975118635,135.0,0.07,0.32,0.0,877000,2.1,637720.0,363000.0,46278751.00000007
Andorra,https://upload.wikimedia.org/wikipedia/commons/1/19/Flag_of_Andorra.svg,AD,AND,20.0,ISO 3166-2:AD,Europe,Southern Europe,,150.0,39.0,,1.0,1.244694489737493,0.000400795177632,0.0,0.01,0.09,0.0,10000,14.1,,976.0,80341.00000000006
Angola,https://upload.wikimedia.org/wikipedia/commons/9/9d/Flag_of_Angola.svg,AO,AGO,24.0,ISO 3166-2:AO,Africa,Sub-Saharan Africa,Middle Africa,2.0,202.0,17.0,417.0,1.103039378717434,0.16713158907272,161.0,0.09,0.53,0.0,2982000,11.2,203300.0,60000.0,37804634.000000015
Antigua and Barbuda,https://upload.wikimedia.org/wikipedia/commons/8/89/Flag_of_Antigua_and_Barbuda.svg,AG,ATG,28.0,ISO 3166-2:AG,Americas,Latin America and the Caribbean,Caribbean,19.0,419.0,29.0,6.0,6.328045899426257,0.002404771065794,2.0,0.3,2.04,0.0,5000,5.4,438.0,800.0,94816.0
Argentina,https://upload.wikimedia.org/wikipedia/commons/1/1a/Flag_of_Argentina.svg,AR,ARG,32.0,ISO 3166-2:AR,Americas,Latin America and the Caribbean,South America,19.0,419.0,5.0,3309.0,7.184440547028384,1.3262312427856862,1709.0,0.49,3.79,2.0,3256000,7.4,679770.0,391000.0,46057866.0
Armenia,https://upload.wikimedia.org/wikipedia/commons/2/2f/Flag_of_Armenia.svg,AM,ARM,51.0,ISO 3166-2:AM,Asia,Western Asia,,142.0,145.0,,51.0,1.83586700979381,0.020440554059253,21.0,0.07,0.68,0.0,186000,6.1,509240.0,18000.0,2777979.0000000005
Australia,https://upload.wikimedia.org/wikipedia/commons/8/88/Flag_of_Australia_%28converted%29.svg,AU,AUS,36.0,ISO 3166-2:AU,Oceania,Australia and New Zealand,,9.0,53.0,,240.0,0.8988938437082781,0.096190842631781,45.0,0.03,0.18,0.0,3573000,14.5,214520.0,69000.0,26699482.00000002
Austria,https://upload.wikimedia.org/wikipedia/commons/4/41/Flag_of_Austria.svg,AT,AUT,40.0,ISO 3166-2:AT,Europe,Western Europe,,150.0,155.0,,237.0,2.640039326560499,0.094988457098884,13.0,0.02,0.15,1.0,2577000,30.0,240880.0,37900.0,8977139.000000004
Azerbaijan,https://upload.wikimedia.org/wikipedia/commons/d/dd/Flag_of_Azerbaijan.svg,AZ,AZE,31.0,ISO 3166-2:AZ,Asia,Western Asia,,142.0,145.0,,56.0,0.535224255139873,0.022444529947415,29.0,0.04,0.28,0.0,362000,3.6,537920.0,18000.0,10462904.000000004
Bahamas,https://upload.wikimedia.org/wikipedia/commons/9/93/Flag_of_the_Bahamas.svg,BS,BHS,44.0,ISO 3166-2:BS,Americas,Latin America and the Caribbean,Caribbean,19.0,419.0,29.0,82.0,19.748424340655504,0.032865204565858,81.0,2.97,21.52,0.0,74000,18.8,2470.0,5000.0,415223.00000000006
Bahrain,https://upload.wikimedia.org/wikipedia/commons/2/2c/Flag_of_Bahrain.svg,BH,BHR,48.0,ISO 3166-2:BH,Asia,Western Asia,,142.0,145.0,,9.0,0.600515642765254,0.003607156598691,6.0,0.15,0.43,0.0,181000,12.8,25796.0,20000.0,1498712.000000001
Bangladesh,https://upload.wikimedia.org/wikipedia/commons/f/f9/Flag_of_Bangladesh.svg,BD,BGD,50.0,ISO 3166-2:BD,Asia,Southern Asia,,142.0,34.0,,1580.0,0.9044012866058492,0.6332563806592281,1235.0,0.15,0.78,0.0,659000,0.4,410305.0,333000.0,174701211.0000001
Barbados,https://upload.wikimedia.org/wikipedia/commons/e/ef/Flag_of_Barbados.svg,BB,BRB,52.0,ISO 3166-2:BB,Americas,Latin America and the Caribbean,Caribbean,19.0,419.0,29.0,15.0,5.313326886496711,0.006011927664486,12.0,0.4,4.19,0.0,10000,3.5,1675.0,2000.0,282309.0
Belarus,https://upload.wikimedia.org/wikipedia/commons/8/85/Flag_of_Belarus.svg,BY,BLR,112.0,ISO 3166-2:BY,Europe,Eastern Europe,,150.0,151.0,,108.0,1.142248306378917,0.043285879184301,45.0,0.04,0.48,0.0,581000,6.1,780600.0,165000.0,9455037.000000004
Belgium,https://upload.wikimedia.org/wikipedia/commons/9/92/Flag_of_Belgium_%28civil%29.svg,BE,BEL,56.0,ISO 3166-2:BE,Europe,Western Europe,,150.0,155.0,,228.0,1.9460942145179647,0.091381300500192,41.0,0.04,0.36,1.0,1451000,12.7,80880.0,78000.0,11715774.0
Belize,https://upload.wikimedia.org/wikipedia/commons/e/e7/Flag_of_Belize.svg,BZ,BLZ,84.0,ISO 3166-2:BZ,Americas,Latin America and the Caribbean,Central America,19.0,419.0,13.0,82.0,19.680503820897812,0.032865204565858,67.0,3.34,16.22,0.0,37000,10.0,3690.0,2000.0,416656.0
Benin,https://upload.wikimedia.org/wikipedia/commons/0/0a/Flag_of_Benin.svg,BJ,BEN,204.0,ISO 3166-2:BJ,Africa,Sub-Saharan Africa,Western Africa,2.0,202.0,11.0,424.0,3.011348237423786,0.169937155316147,275.0,0.29,2.17,1.0,33000,0.3,8700.0,26000.0,14080072.000000002
Bhutan,https://upload.wikimedia.org/wikipedia/commons/9/91/Flag_of_Bhutan.svg,BT,BTN,64.0,ISO 3166-2:BT,Asia,Southern Asia,,142.0,34.0,,4.0,0.5048070248945581,0.001603180710529,1.0,0.02,0.11,0.0,6000,0.8,15200.0,4000.0,792382.0000000006
Bolivia,https://upload.wikimedia.org/wikipedia/commons/4/48/Flag_of_Bolivia.svg,BO,BOL,68.0,ISO 3166-2:BO,Americas,Latin America and the Caribbean,South America,19.0,419.0,5.0,452.0,3.596625410508639,0.181159420289855,306.0,0.4,2.54,0.0,218000,2.0,87590.0,42000.0,12567336.0
Bosnia and Herzegovina,https://upload.wikimedia.org/wikipedia/commons/b/bf/Flag_of_Bosnia_and_Herzegovina.svg,,,,,,,,,,,37.0,1.158284961892425,0.014829421572399,9.0,0.02,0.27,0.0,1185000,31.2,27300.0,29000.0,3194377.9999999995
Botswana,https://upload.wikimedia.org/wikipedia/commons/f/fa/Flag_of_Botswana.svg,BW,BWA,72.0,ISO 3166-2:BW,Africa,Sub-Saharan Africa,Southern Africa,2.0,202.0,18.0,121.0,4.449029927631565,0.048496216493523,88.0,0.41,3.76,1.0,97000,4.1,17100.0,11000.0,2719694.0
Brazil,https://upload.wikimedia.org/wikipedia/en/0/05/Flag_of_Brazil.svg,BR,BRA,76.0,ISO 3166-2:BR,Americas,Latin America and the Caribbean,South America,19.0,419.0,5.0,49437.0,22.715316116060748,19.81411119661408,47510.0,3.37,21.93,0.0,17510000,8.3,1316300.0,803000.0,217637297.00000003
Brunei,https://upload.wikimedia.org/wikipedia/commons/9/9c/Flag_of_Brunei.svg,,,,,,,,,,,0.0,,,0.0,0.02,0.08,0.0,6000,1.4,20220.0,4000.0,
Bulgaria,https://upload.wikimedia.org/wikipedia/commons/9/9a/Flag_of_Bulgaria.svg,BG,BGR,100.0,ISO 3166-2:BG,Europe,Eastern Europe,,150.0,151.0,,121.0,1.828177043082276,0.048496216493523,40.0,0.03,0.5700000000000001,0.0,590000,8.4,176640.0,59400.0,6618615.000000001
Burkina Faso,https://upload.wikimedia.org/wikipedia/commons/3/31/Flag_of_Burkina_Faso.svg,BF,BFA,854.0,ISO 3166-2:BF,Africa,Sub-Saharan Africa,Western Africa,2.0,202.0,11.0,992.0,4.161030714153255,0.397588816211363,682.0,0.34,3.01,1.0,175000,0.9,43780.0,43000.0,23840247.000000004
Burundi,https://upload.wikimedia.org/wikipedia/commons/5/50/Flag_of_Burundi.svg,BI,BDI,108.0,ISO 3166-2:BI,Africa,Sub-Saharan Africa,Eastern Africa,2.0,202.0,14.0,222.0,1.633354932367702,0.088976529434397,31.0,0.04,0.26,1.0,238000,2.0,75960.0,24278.0,13591656.999999998
Cambodia,https://upload.wikimedia.org/wikipedia/commons/8/83/Flag_of_Cambodia.svg,KH,KHM,116.0,ISO 3166-2:KH,Asia,South-eastern Asia,,142.0,35.0,,200.0,1.168098278182254,0.080159035526484,163.0,0.15,0.98,0.0,717000,4.5,258670.0,64000.0,17121847.000000007
Cameroon,https://upload.wikimedia.org/wikipedia/commons/4/4f/Flag_of_Cameroon.svg,CM,CMR,120.0,ISO 3166-2:CM,Africa,Sub-Saharan Africa,Middle Africa,2.0,202.0,17.0,589.0,2.003780783932794,0.236068359625497,288.0,0.14,0.99,1.0,510000,2.1,27360.0,15000.0,29394433.000000004
Canada,https://upload.wikimedia.org/wikipedia/en/c/cf/Flag_of_Canada.svg,CA,CAN,124.0,ISO 3166-2:CA,Americas,Northern America,,19.0,21.0,,875.0,2.237448463890624,0.350695780428369,170.0,0.06,0.47,1.0,12708000,34.7,233949.0,103000.0,39107046.00000001
Cape Verde,https://upload.wikimedia.org/wikipedia/commons/3/38/Flag_of_Cape_Verde.svg,,,,,,,,,,,41.0,6.782902453590885,0.016432602282929,34.0,0.98,6.11,1.0,31000,5.7,,19000.0,604461.0
Central African Republic,https://upload.wikimedia.org/wikipedia/commons/6/6f/Flag_of_the_Central_African_Republic.svg,CF,CAF,140.0,ISO 3166-2:CF,Africa,Sub-Saharan Africa,Middle Africa,2.0,202.0,17.0,187.0,3.161118846742703,0.074948698217263,59.0,0.09,1.12,1.0,94000,1.8,8580.0,10000.0,5915627.000000001
Chad,https://upload.wikimedia.org/wikipedia/commons/4/4b/Flag_of_Chad.svg,TD,TCD,148.0,ISO 3166-2:TD,Africa,Sub-Saharan Africa,Middle Africa,2.0,202.0,17.0,623.0,3.305539915110763,0.249695395664999,380.0,0.24,2.32,1.0,151000,1.0,25020.0,34000.0,18847148.000000004
Chile,https://upload.wikimedia.org/wikipedia/commons/7/78/Flag_of_Chile.svg,CL,CHL,152.0,ISO 3166-2:CL,Americas,Latin America and the Caribbean,South America,19.0,419.0,5.0,503.0,2.5586455029211037,0.201599974349108,345.0,0.31,1.9,0.0,2220000,12.1,311900.0,66000.0,19658839.0
China,https://upload.wikimedia.org/wikipedia/commons/f/fa/Flag_of_the_People%27s_Republic_of_China.svg,CN,CHN,156.0,ISO 3166-2:CN,Asia,Eastern Asia,,142.0,30.0,,1126.0,0.079007631479037,0.451295370014107,334.0,0.0,0.02,0.0,49735000,3.6,27466400.0,1971000.0,1425178782.000015
Colombia,https://upload.wikimedia.org/wikipedia/commons/2/21/Flag_of_Colombia.svg,CO,COL,170.0,ISO 3166-2:CO,Americas,Latin America and the Caribbean,South America,19.0,419.0,5.0,13171.0,25.163938156512547,5.278873284596639,12596.0,5.1,26.36,1.0,4971000,10.1,350689.0,283000.0,52340774.00000001
Comoros,https://upload.wikimedia.org/wikipedia/commons/9/94/Flag_of_the_Comoros.svg,KM,COM,174.0,ISO 3166-2:KM,Africa,Sub-Saharan Africa,Eastern Africa,2.0,202.0,14.0,30.0,3.45779473377862,0.012023855328972,21.0,0.43,2.99,1.0,12000,1.5,600.0,2000.0,867605.0000000002
Costa Rica,https://upload.wikimedia.org/wikipedia/commons/f/f2/Flag_of_Costa_Rica.svg,CR,CRI,188.0,ISO 3166-2:CR,Americas,Latin America and the Caribbean,Central America,19.0,419.0,13.0,420.0,8.005010374112254,0.168333974605617,355.0,1.45,7.52,1.0,493000,10.0,,17000.0,5246713.999999999
Croatia,https://upload.wikimedia.org/wikipedia/commons/1/1b/Flag_of_Croatia.svg,HR,HRV,191.0,ISO 3166-2:HR,Europe,Southern Europe,,150.0,39.0,,98.0,2.458218438795503,0.039277927407977,16.0,0.03,0.37,2.0,576000,13.7,75120.0,39000.0,3986627.0
Cuba,https://upload.wikimedia.org/wikipedia/commons/b/bd/Flag_of_Cuba.svg,CU,CUB,192.0,ISO 3166-2:CU,Americas,Latin America and the Caribbean,Caribbean,19.0,419.0,29.0,79.0,0.7069612505589691,0.031662819032961,32.0,0.03,0.28,0.0,234000,2.1,958100.0,42000.0,11174587.000000002
Cyprus,https://upload.wikimedia.org/wikipedia/commons/d/d4/Flag_of_Cyprus.svg,CY,CYP,196.0,ISO 3166-2:CY,Asia,Western Asia,,142.0,145.0,,19.0,1.49787105222288,0.007615108375016,8.0,0.09,0.63,0.0,285000,34.0,99000.0,11000.0,1268467.0
Czech Republic,https://upload.wikimedia.org/wikipedia/commons/c/cb/Flag_of_the_Czech_Republic.svg,CZ,CZE,203.0,ISO 3166-2:CZ,Europe,Eastern Europe,,150.0,151.0,,166.0,1.580390364036256,0.066531999486982,17.0,0.01,0.16,1.0,1323000,12.5,157233.0,76000.0,10503734.0
Denmark,https://upload.wikimedia.org/wikipedia/commons/9/9c/Flag_of_Denmark.svg,DK,DNK,208.0,ISO 3166-2:DK,Europe,Northern Europe,,150.0,154.0,,64.0,1.077496403434856,0.025650891368475,8.0,0.01,0.14,1.0,567000,9.9,124120.0,20000.0,5939695.000000003
Djibouti,https://upload.wikimedia.org/wikipedia/commons/3/34/Flag_of_Djibouti.svg,DJ,DJI,262.0,ISO 3166-2:DJ,Africa,Sub-Saharan Africa,Eastern Africa,2.0,202.0,14.0,51.0,4.425819362352245,0.020440554059253,38.0,0.5,3.16,0.0,28000,3.1,19855.0,5000.0,1152329.0
Dominica,https://upload.wikimedia.org/wikipedia/commons/c/c4/Flag_of_Dominica.svg,DM,DMA,212.0,ISO 3166-2:DM,Americas,Latin America and the Caribbean,Caribbean,19.0,419.0,29.0,2.0,2.725984080252971,0.000801590355264,2.0,0.33,3.59,0.0,5000,6.2,,600.0,73368.00000000001
Dominican Republic,https://upload.wikimedia.org/wikipedia/commons/9/9f/Flag_of_the_Dominican_Republic.svg,DO,DOM,214.0,ISO 3166-2:DO,Americas,Latin America and the Caribbean,Caribbean,19.0,419.0,29.0,1525.0,13.33740889565817,0.611212645889444,1288.0,1.82,11.84,0.0,795000,7.4,106495.0,46000.0,11434005.0
Ecuador,https://upload.wikimedia.org/wikipedia/commons/e/e8/Flag_of_Ecuador.svg,EC,ECU,218.0,ISO 3166-2:EC,Americas,Latin America and the Caribbean,South America,19.0,419.0,5.0,1127.0,6.132543361625199,0.45169616519174,989.0,1.07,5.62,0.0,402000,2.4,253668.0,41000.0,18377367.0
Egypt,https://upload.wikimedia.org/wikipedia/commons/f/fe/Flag_of_Egypt.svg,EG,EGY,818.0,ISO 3166-2:EG,Africa,Northern Africa,,2.0,15.0,,816.0,0.712761786660404,0.327048864948056,367.0,0.07,0.37,0.0,3931000,4.1,1544750.0,1530000.0,114484252.0000001
El Salvador,https://upload.wikimedia.org/wikipedia/commons/3/34/Flag_of_El_Salvador.svg,SV,SLV,222.0,ISO 3166-2:SV,Americas,Latin America and the Caribbean,Central America,19.0,419.0,13.0,2314.0,36.17722713904891,0.927440041041426,2301.0,5.72,36.78,0.0,737000,12.0,127840.0,30000.0,6396288.999999999
Equatorial Guinea,https://upload.wikimedia.org/wikipedia/commons/3/31/Flag_of_Equatorial_Guinea.svg,GQ,GNQ,226.0,ISO 3166-2:GQ,Africa,Sub-Saharan Africa,Middle Africa,2.0,202.0,17.0,15.0,0.85470426377769,0.006011927664486,9.0,0.12,0.62,0.0,112000,12.5,2760.0,2000.0,1754993.0000000002
Eritrea,https://upload.wikimedia.org/wikipedia/commons/2/29/Flag_of_Eritrea.svg,ER,ERI,232.0,ISO 3166-2:ER,Africa,Sub-Saharan Africa,Eastern Africa,2.0,202.0,14.0,354.0,9.27271769996786,0.141881492881877,241.0,0.55,3.6,1.0,23000,0.4,668550.0,12000.0,3817651.0
Estonia,https://upload.wikimedia.org/wikipedia/commons/8/8f/Flag_of_Estonia.svg,EE,EST,233.0,ISO 3166-2:EE,Europe,Northern Europe,,150.0,154.0,,17.0,1.288815131599396,0.006813518019751,4.0,0.02,0.28,1.0,65000,5.0,38760.0,18000.0,1319041.0000000007
Ethiopia,https://upload.wikimedia.org/wikipedia/commons/7/71/Flag_of_Ethiopia.svg,ET,ETH,231.0,ISO 3166-2:ET,Africa,Sub-Saharan Africa,Eastern Africa,2.0,202.0,14.0,3712.0,2.86155414813996,1.487751699371553,2293.0,0.41,2.13,1.0,377000,0.4,525600.0,79000.0,129719719.0
Fiji,https://upload.wikimedia.org/wikipedia/commons/b/ba/Flag_of_Fiji.svg,FJ,FJI,242.0,ISO 3166-2:FJ,Oceania,Melanesia,,9.0,54.0,,1.0,0.106036442604594,0.000400795177632,1.0,0.02,0.15,0.0,5000,0.5,16700.0,2000.0,943072.0000000028
Finland,https://upload.wikimedia.org/wikipedia/commons/b/bc/Flag_of_Finland.svg,FI,FIN,246.0,ISO 3166-2:FI,Europe,Northern Europe,,150.0,154.0,,161.0,2.900960488197415,0.06452802359882,12.0,0.02,0.22,2.0,1793000,32.4,475030.0,14000.0,5549886.000000001
France,https://upload.wikimedia.org/wikipedia/en/c/c3/Flag_of_France.svg,FR,FRA,250.0,ISO 3166-2:FR,Europe,Western Europe,,150.0,155.0,,2097.0,3.232029676105004,0.8404674874951901,222.0,0.04,0.34,2.0,12732000,19.6,566430.0,497000.0,64881830.00000002
Gabon,https://upload.wikimedia.org/wikipedia/commons/0/04/Flag_of_Gabon.svg,GA,GAB,266.0,ISO 3166-2:GA,Africa,Sub-Saharan Africa,Middle Africa,2.0,202.0,17.0,28.0,1.126961466370061,0.011222264973707,14.0,0.12,0.78,0.0,61000,3.4,5640.0,4000.0,2484557.0000000005
Georgia,https://upload.wikimedia.org/wikipedia/commons/0/0f/Flag_of_Georgia.svg,GE,GEO,268.0,ISO 3166-2:GE,Asia,Western Asia,,142.0,145.0,,103.0,2.770735119067634,0.041281903296139,46.0,0.09,1.25,0.0,402000,10.1,63950.0,41000.0,3717425.0
Germany,https://upload.wikimedia.org/wikipedia/en/b/ba/Flag_of_Germany.svg,DE,DEU,276.0,ISO 3166-2:DE,Europe,Western Europe,,150.0,155.0,,1020.0,1.2251888154098571,0.408811081185071,84.0,0.01,0.1,0.0,15822000,19.6,483016.0,466000.0,83252474.00000004
Ghana,https://upload.wikimedia.org/wikipedia/commons/1/19/Flag_of_Ghana.svg,GH,GHA,288.0,ISO 3166-2:GH,Africa,Sub-Saharan Africa,Western Africa,2.0,202.0,11.0,478.0,1.374451003150828,0.191580094908298,229.0,0.11,0.73,0.0,2280000,8.0,18600.0,28000.0,34777522.00000001
Greece,https://upload.wikimedia.org/wikipedia/commons/5/5c/Flag_of_Greece.svg,GR,GRC,300.0,ISO 3166-2:GR,Europe,Southern Europe,,150.0,39.0,,148.0,1.436513852652503,0.059317686289598,41.0,0.03,0.39,0.0,1920000,17.6,642510.0,99000.0,10302720.000000004
Grenada,https://upload.wikimedia.org/wikipedia/commons/b/bc/Flag_of_Grenada.svg,GD,GRD,308.0,ISO 3166-2:GD,Americas,Latin America and the Caribbean,Caribbean,19.0,419.0,29.0,2.0,1.576205600258497,0.000801590355264,1.0,0.09,0.72,0.0,5000,4.6,,1000.0,126887.00000000006
Guatemala,https://upload.wikimedia.org/wikipedia/commons/e/ec/Flag_of_Guatemala.svg,GT,GTM,320.0,ISO 3166-2:GT,Americas,Latin America and the Caribbean,Central America,19.0,419.0,13.0,5981.0,32.57903862149432,2.3971559574195203,5165.0,5.45,29.06,0.0,2062000,12.1,160600.0,43000.0,18358430.0
Guinea,https://upload.wikimedia.org/wikipedia/commons/e/ed/Flag_of_Guinea.svg,GN,GIN,324.0,ISO 3166-2:GN,Africa,Sub-Saharan Africa,Western Africa,2.0,202.0,11.0,477.0,3.283140967886476,0.191179299730665,283.0,0.25,2.24,1.0,130000,1.0,23080.0,13000.0,14528770.0
Guinea-Bissau,https://upload.wikimedia.org/wikipedia/commons/0/01/Flag_of_Guinea-Bissau.svg,,,,,,,,,,,87.0,3.95967683575397,0.03486918045402,55.0,0.37,2.89,2.0,29000,1.5,10260.0,4000.0,2197149.0000000005
Guyana,https://upload.wikimedia.org/wikipedia/commons/9/99/Flag_of_Guyana.svg,GY,GUY,328.0,ISO 3166-2:GY,Americas,Latin America and the Caribbean,South America,19.0,419.0,5.0,92.0,11.22506997366989,0.036873156342182,84.0,1.26,10.94,0.0,122000,15.8,10890.0,4000.0,819594.0
Haiti,https://upload.wikimedia.org/wikipedia/commons/5/56/Flag_of_Haiti.svg,HT,HTI,332.0,ISO 3166-2:HT,Americas,Latin America and the Caribbean,Caribbean,19.0,419.0,29.0,1975.0,16.6427488596557,0.7915704758240341,1268.0,1.27,10.22,0.0,291000,2.6,380.0,15000.0,11867030.000000002
Honduras,https://upload.wikimedia.org/wikipedia/commons/8/82/Flag_of_Honduras.svg,HN,HND,340.0,ISO 3166-2:HN,Americas,Latin America and the Caribbean,Central America,19.0,419.0,13.0,2092.0,19.443452547473346,0.838463511607028,1978.0,3.73,20.15,0.0,1171000,14.1,107720.0,29000.0,10759406.0
Hungary,https://upload.wikimedia.org/wikipedia/commons/c/c1/Flag_of_Hungary.svg,HU,HUN,348.0,ISO 3166-2:HU,Europe,Eastern Europe,,150.0,151.0,,57.0,0.570285541970864,0.022845325125048,7.0,0.01,0.07,0.0,1023000,10.5,147880.0,17000.0,9994993.000000011
Iceland,https://upload.wikimedia.org/wikipedia/commons/c/ce/Flag_of_Iceland.svg,IS,ISL,352.0,ISO 3166-2:IS,Europe,Northern Europe,,150.0,154.0,,4.0,1.05907241142845,0.001603180710529,0.0,0.01,0.06,1.0,106000,31.7,650.0,590.0,377689.0000000002
India,https://upload.wikimedia.org/wikipedia/en/4/41/Flag_of_India.svg,IN,IND,356.0,ISO 3166-2:IN,Asia,Southern Asia,,142.0,34.0,,14711.0,1.020378541614199,5.896097858150571,7977.0,0.08,0.5700000000000001,1.0,71101000,5.3,3900000.0,1700000.0,1441719852.0000012
Indonesia,https://upload.wikimedia.org/wikipedia/commons/9/9f/Flag_of_Indonesia.svg,ID,IDN,360.0,ISO 3166-2:ID,Asia,South-eastern Asia,,142.0,35.0,,439.0,0.156898878161941,0.175949082980633,153.0,0.01,0.06,0.0,82000,0.0,1711450.0,429000.0,279798049.00000125
Iran,https://upload.wikimedia.org/wikipedia/commons/c/ca/Flag_of_Iran.svg,IR,IRN,364.0,ISO 3166-2:IR,Asia,Southern Asia,,142.0,34.0,,873.0,0.972054480346634,0.349894190073105,525.0,0.13,0.62,0.0,5890000,7.3,3333550.0,98000.0,89809780.99999999
Iraq,https://upload.wikimedia.org/wikipedia/commons/f/f6/Flag_of_Iraq.svg,IQ,IRQ,368.0,ISO 3166-2:IQ,Asia,Western Asia,,142.0,145.0,,4424.0,9.509140693733512,1.7731178658458382,2649.0,1.47,6.29,1.0,7588000,19.6,611000.0,56000.0,46523657.0
Ireland,https://upload.wikimedia.org/wikipedia/commons/4/45/Flag_of_Ireland.svg,IE,IRL,372.0,ISO 3166-2:IE,Europe,Northern Europe,,150.0,154.0,,29.0,0.569803032845411,0.01162306015134,9.0,0.03,0.18,0.0,342000,7.2,26636.0,3000.0,5089478.000000006
Israel,https://upload.wikimedia.org/wikipedia/commons/d/d4/Flag_of_Israel.svg,IL,ISR,376.0,ISO 3166-2:IL,Asia,Western Asia,,142.0,145.0,,201.0,2.158585823439278,0.080559830704116,95.0,0.2,1.02,1.0,557000,6.7,1016900.0,41000.0,9311652.0
Italy,https://upload.wikimedia.org/wikipedia/en/0/03/Flag_of_Italy.svg,IT,ITA,380.0,ISO 3166-2:IT,Europe,Southern Europe,,150.0,39.0,,797.0,1.357803461748036,0.31943375657304,225.0,0.03,0.37,0.0,8609000,14.4,502960.0,273000.0,58697744.0
Ivory Coast,https://upload.wikimedia.org/wikipedia/commons/f/fe/Flag_of_C%C3%B4te_d%27Ivoire.svg,,,,,,,,,,,1017.0,3.435427574937418,0.407608695652173,707.0,0.39,2.7,2.0,1049000,4.4,33045.0,15000.0,29603302.0
Jamaica,https://upload.wikimedia.org/wikipedia/commons/0/0a/Flag_of_Jamaica.svg,JM,JAM,388.0,ISO 3166-2:JM,Americas,Latin America and the Caribbean,Caribbean,19.0,419.0,29.0,397.0,14.054400797525291,0.159115685520071,308.0,1.56,10.97,0.0,246000,8.8,8681.0,12000.0,2824738.0
Japan,https://upload.wikimedia.org/wikipedia/en/9/9e/Flag_of_Japan.svg,JP,JPN,392.0,ISO 3166-2:JP,Asia,Eastern Asia,,142.0,30.0,,100.0,0.081545162091885,0.040079517763242,27.0,0.0,0.02,0.0,377000,0.3,745514.0,252000.0,122631432.00000031
Jordan,https://upload.wikimedia.org/wikipedia/commons/c/c0/Flag_of_Jordan.svg,JO,JOR,400.0,ISO 3166-2:JO,Asia,Western Asia,,142.0,145.0,,195.0,1.712791708190886,0.078155059638322,177.0,0.55,1.52,0.0,1473000,18.7,286450.0,60000.0,11384922.0
Kazakhstan,https://upload.wikimedia.org/wikipedia/commons/d/d3/Flag_of_Kazakhstan.svg,KZ,KAZ,398.0,ISO 3166-2:KZ,Asia,Central Asia,,142.0,143.0,,209.0,1.054056187246777,0.083766192125176,107.0,0.08,0.58,0.0,504000,2.8,375690.0,65000.0,19828165.000000007
Kenya,https://upload.wikimedia.org/wikipedia/commons/4/49/Flag_of_Kenya.svg,KE,KEN,404.0,ISO 3166-2:KE,Africa,Sub-Saharan Africa,Eastern Africa,2.0,202.0,14.0,2098.0,3.732894827912303,0.8408682826728221,1533.0,0.52,3.05,0.0,750000,1.5,45790.0,51527.0,56203030.0
Kiribati,https://upload.wikimedia.org/wikipedia/commons/d/d3/Flag_of_Kiribati.svg,KI,KIR,296.0,ISO 3166-2:KI,Oceania,Micronesia,,9.0,57.0,,0.0,,,0.0,0.04,0.38,0.0,900,0.8,,200.0,
North Korea,https://upload.wikimedia.org/wikipedia/commons/5/51/Flag_of_North_Korea.svg,,,,,,,,,,,93.0,0.35435885395317,0.037273951519815,36.0,0.02,0.14,0.0,76000,0.3,8363100.0,76000.0,26244582.00000001
South Korea,https://upload.wikimedia.org/wikipedia/commons/0/09/Flag_of_South_Korea.svg,KP,PRK,408.0,ISO 3166-2:KP,Asia,Eastern Asia,,142.0,30.0,,44.0,0.085037361261303,0.017634987815826,13.0,0.0,0.02,0.0,79000,0.2,2688020.0,115000.0,51741963.00000031
Kuwait,https://upload.wikimedia.org/wikipedia/commons/a/aa/Flag_of_Kuwait.svg,KW,KWT,414.0,ISO 3166-2:KW,Asia,Western Asia,,142.0,145.0,,19.0,0.436843872000147,0.007615108375016,15.0,0.15,0.34,0.0,685000,16.7,82580.0,11000.0,4349380.000000002
Kyrgyzstan,https://upload.wikimedia.org/wikipedia/commons/c/c7/Flag_of_Kyrgyzstan.svg,KG,KGZ,417.0,ISO 3166-2:KG,Asia,Central Asia,,142.0,143.0,,45.0,0.657932635300922,0.018035782993459,26.0,0.08,0.4,0.0,171000,2.8,145010.0,18000.0,6839606.000000002
Laos,https://upload.wikimedia.org/wikipedia/commons/5/56/Flag_of_Laos.svg,LA,LAO,418.0,ISO 3166-2:LA,Asia,South-eastern Asia,,142.0,35.0,,192.0,2.481684329494779,0.076952674105425,175.0,0.39,2.45,0.0,215000,3.0,224690.0,21000.0,7736681.000000002
Latvia,https://upload.wikimedia.org/wikipedia/commons/8/84/Flag_of_Latvia.svg,LV,LVA,428.0,ISO 3166-2:LV,Europe,Northern Europe,,150.0,154.0,,26.0,1.43627364327382,0.010420674618442,8.0,0.03,0.43,1.0,205000,10.5,27936.0,17000.0,1810240.0
Lebanon,https://upload.wikimedia.org/wikipedia/commons/5/59/Flag_of_Lebanon.svg,LB,LBN,422.0,ISO 3166-2:LB,Asia,Western Asia,,142.0,145.0,,82.0,1.571168972708411,0.032865204565858,70.0,0.21,1.35,0.0,1927000,31.9,130150.0,41000.0,5219044.000000003
Lesotho,https://upload.wikimedia.org/wikipedia/commons/4/4a/Flag_of_Lesotho.svg,LS,LSO,426.0,ISO 3166-2:LS,Africa,Sub-Saharan Africa,Southern Africa,2.0,202.0,18.0,181.0,7.682242094187683,0.072543927151468,116.0,0.36,5.54,2.0,105000,4.8,2400.0,5000.0,2356083.0000000005
Liberia,https://upload.wikimedia.org/wikipedia/commons/b/b8/Flag_of_Liberia.svg,LR,LBR,430.0,ISO 3166-2:LR,Africa,Sub-Saharan Africa,Western Africa,2.0,202.0,11.0,93.0,1.679625367688956,0.037273951519815,40.0,0.13,0.8300000000000001,1.0,97000,2.1,2520.0,5000.0,5536949.000000001
Libya,https://upload.wikimedia.org/wikipedia/commons/0/05/Flag_of_Libya.svg,LY,LBY,434.0,ISO 3166-2:LY,Africa,Northern Africa,,2.0,15.0,,70.0,1.00514100907829,0.028055662434269,46.0,0.15,0.68,0.0,851000,13.3,,,6964197.0
Lithuania,https://upload.wikimedia.org/wikipedia/commons/1/11/Flag_of_Lithuania.svg,LT,LTU,440.0,ISO 3166-2:LT,Europe,Northern Europe,,150.0,154.0,,28.0,1.039810635628814,0.011222264973707,9.0,0.02,0.3,0.0,385000,13.6,81240.0,17000.0,2692798.0000000014
Luxembourg,https://upload.wikimedia.org/wikipedia/commons/d/da/Flag_of_Luxembourg.svg,LU,LUX,442.0,ISO 3166-2:LU,Europe,Western Europe,,150.0,155.0,,7.0,1.058050707835923,0.002805566243426,1.0,0.03,0.23,1.0,110000,18.9,2340.0,5000.0,661594.0000000003
Madagascar,https://upload.wikimedia.org/wikipedia/commons/b/bc/Flag_of_Madagascar.svg,MG,MDG,450.0,ISO 3166-2:MG,Africa,Sub-Saharan Africa,Eastern Africa,2.0,202.0,14.0,447.0,1.439307123346688,0.179155444401692,109.0,0.1,0.59,1.0,168000,0.7000000000000001,25320.0,20000.0,31056610.00000001
Malawi,https://upload.wikimedia.org/wikipedia/commons/d/d1/Flag_of_Malawi.svg,MW,MWI,454.0,ISO 3166-2:MW,Africa,Sub-Saharan Africa,Eastern Africa,2.0,202.0,14.0,318.0,1.480725287183875,0.12745286648711,,0.09,0.59,1.0,47000,0.3,24480.0,8400.0,21475962.00000001
Malaysia,https://upload.wikimedia.org/wikipedia/commons/6/66/Flag_of_Malaysia.svg,MY,MYS,458.0,ISO 3166-2:MY,Asia,South-eastern Asia,,142.0,35.0,,179.0,0.51626829165236,0.071742336796203,122.0,0.07,0.39,0.0,217000,0.7000000000000001,428170.0,102000.0,34671894.99999999
Maldives,https://upload.wikimedia.org/wikipedia/commons/0/0f/Flag_of_Maldives.svg,MV,MDV,462.0,ISO 3166-2:MV,Asia,Southern Asia,,142.0,34.0,,1.0,0.193092315505119,0.000400795177632,1.0,0.06,0.18,0.0,23000,6.2,9500.0,3000.0,517887.0000000022
Mali,https://upload.wikimedia.org/wikipedia/commons/9/92/Flag_of_Mali.svg,ML,MLI,466.0,ISO 3166-2:ML,Africa,Sub-Saharan Africa,Western Africa,2.0,202.0,11.0,1105.0,4.601139691891864,0.442878671283827,841.0,0.42,3.83,1.0,206000,1.1,15800.0,3000.0,24015789.0
Malta,https://upload.wikimedia.org/wikipedia/commons/7/73/Flag_of_Malta.svg,MT,MLT,470.0,ISO 3166-2:MT,Europe,Southern Europe,,150.0,39.0,,5.0,0.93154972612438,0.002003975888162,2.0,0.06,0.48,0.0,119000,28.3,5547.0,1637.0,536740.0000000002
Marshall Islands,https://upload.wikimedia.org/wikipedia/commons/2/2e/Flag_of_the_Marshall_Islands.svg,MH,MHL,584.0,ISO 3166-2:MH,Oceania,Micronesia,,9.0,57.0,,2.0,4.715312978898974,0.000801590355264,1.0,0.15,1.09,1.0,300,0.5,,80.0,42415.0
Mauritania,https://upload.wikimedia.org/wikipedia/commons/4/43/Flag_of_Mauritania.svg,MR,MRT,478.0,ISO 3166-2:MR,Africa,Sub-Saharan Africa,Western Africa,2.0,202.0,11.0,89.0,1.7821664014776362,0.035670770809285,63.0,0.3,1.57,0.0,120000,2.8,22820.0,10000.0,4993922.0
Mauritius,https://upload.wikimedia.org/wikipedia/commons/7/77/Flag_of_Mauritius.svg,MU,MUS,480.0,ISO 3166-2:MU,Africa,Sub-Saharan Africa,Eastern Africa,2.0,202.0,14.0,4.0,0.307224853261729,0.001603180710529,3.0,0.02,0.21,0.0,106000,8.3,4845.0,11000.0,1301978.0000000016
Mexico,https://upload.wikimedia.org/wikipedia/commons/f/fc/Flag_of_Mexico.svg,MX,MEX,484.0,ISO 3166-2:MX,Americas,Latin America and the Caribbean,Central America,19.0,419.0,13.0,22119.0,17.095032125235704,8.865188534051558,20509.0,2.78,16.41,0.0,16809000,12.9,895285.0,591000.0,129388467.0
Moldova,https://upload.wikimedia.org/wikipedia/commons/2/27/Flag_of_Moldova.svg,MD,MDA,498.0,ISO 3166-2:MD,Europe,Eastern Europe,,150.0,151.0,,23.0,0.6907186927998581,0.009218289085545,12.0,0.03,0.31,0.0,121000,3.0,98600.0,21000.0,3329865.000000001
Monaco,https://upload.wikimedia.org/wikipedia/commons/e/ea/Flag_of_Monaco.svg,MC,MCO,492.0,ISO 3166-2:MC,Europe,Western Europe,,150.0,155.0,,1.0,2.765716182205382,0.000400795177632,0.0,0.01,0.09,,7000,19.6,,1000.0,36157.0
Mongolia,https://upload.wikimedia.org/wikipedia/commons/4/4c/Flag_of_Mongolia.svg,MN,MNG,496.0,ISO 3166-2:MN,Asia,Eastern Asia,,142.0,30.0,,31.0,0.887329478888571,0.012424650506605,8.0,0.03,0.23,0.0,242000,7.9,323400.0,7000.0,3493629.0000000005
Montenegro,https://upload.wikimedia.org/wikipedia/commons/6/64/Flag_of_Montenegro.svg,ME,MNE,499.0,ISO 3166-2:ME,Europe,Southern Europe,,150.0,39.0,,28.0,4.472114767242398,0.011222264973707,7.0,0.1,1.07,2.0,245000,39.1,5396.0,8000.0,626102.0
Morocco,https://upload.wikimedia.org/wikipedia/commons/2/2c/Flag_of_Morocco.svg,MA,MAR,504.0,ISO 3166-2:MA,Africa,Northern Africa,,2.0,15.0,,659.0,1.724613551133967,0.264124022059766,171.0,0.07,0.48,0.0,1690000,4.8,588020.0,91000.0,38211459.00000001
Mozambique,https://upload.wikimedia.org/wikipedia/commons/d/d0/Flag_of_Mozambique.svg,MZ,MOZ,508.0,ISO 3166-2:MZ,Africa,Sub-Saharan Africa,Eastern Africa,2.0,202.0,14.0,991.0,2.842930091861354,0.39718802103373,595.0,0.22,2.01,1.0,1337000,4.5,60000.0,24000.0,34858401.99999999
Myanmar,https://upload.wikimedia.org/wikipedia/commons/8/8c/Flag_of_Myanmar.svg,MM,MMR,104.0,ISO 3166-2:MM,Asia,South-eastern Asia,,142.0,35.0,,365.0,0.6640626435580621,0.146290239835834,211.0,0.05,0.39,0.0,877000,1.6,788900.0,76600.0,54964694.00000007
Namibia,https://upload.wikimedia.org/wikipedia/commons/0/00/Flag_of_Namibia.svg,,NAM,516.0,ISO 3166-2:NA,Africa,Sub-Saharan Africa,Southern Africa,2.0,202.0,18.0,106.0,4.006342115159658,0.042484288829036,81.0,0.42,3.36,1.0,396000,15.4,11880.0,15000.0,2645805.0000000005
Nepal,https://upload.wikimedia.org/wikipedia/commons/9/9b/Flag_of_Nepal.svg,NP,NPL,524.0,ISO 3166-2:NP,Asia,Southern Asia,,142.0,34.0,,192.0,0.614590473879664,0.076952674105425,30.0,0.02,0.1,0.0,444000,1.5,183540.0,62000.0,31240315.00000004
Netherlands,https://upload.wikimedia.org/wikipedia/commons/2/20/Flag_of_the_Netherlands.svg,NL,NLD,528.0,ISO 3166-2:NL,Europe,Western Europe,,150.0,155.0,,85.0,0.481010688340442,0.034067590098755,38.0,0.02,0.22,0.0,442000,2.6,108676.0,96000.0,17671125.00000001
New Zealand,https://upload.wikimedia.org/wikipedia/commons/3/3e/Flag_of_New_Zealand.svg,NZ,NZL,554.0,ISO 3166-2:NZ,Oceania,Australia and New Zealand,,9.0,53.0,,49.0,0.929802033761681,0.019638963703988,7.0,0.02,0.15,0.0,1212000,26.3,38280.0,13000.0,5269939.000000001
Nicaragua,https://upload.wikimedia.org/wikipedia/commons/1/19/Flag_of_Nicaragua.svg,NI,NIC,558.0,ISO 3166-2:NI,Americas,Latin America and the Caribbean,Central America,19.0,419.0,13.0,225.0,3.150144717648329,0.090178914967295,187.0,0.64,2.87,0.0,323000,5.2,261800.0,8590.0,7142529.0
Niger,https://upload.wikimedia.org/wikipedia/commons/f/f4/Flag_of_Niger.svg,NE,NER,562.0,ISO 3166-2:NE,Africa,Sub-Saharan Africa,Western Africa,2.0,202.0,11.0,778.0,2.7550577974297363,0.311818648198024,528.0,0.26,2.27,1.0,117000,0.5,11110.0,10000.0,28238972.0
Nigeria,https://upload.wikimedia.org/wikipedia/commons/7/79/Flag_of_Nigeria.svg,NG,NGA,566.0,ISO 3166-2:NG,Africa,Sub-Saharan Africa,Western Africa,2.0,202.0,11.0,5103.0,2.226904049547118,2.045257791458253,3482.0,0.22,1.62,0.0,6154000,3.2,224200.0,362400.0,229152217.00000003
Norway,https://upload.wikimedia.org/wikipedia/commons/d/d9/Flag_of_Norway.svg,NO,NOR,578.0,ISO 3166-2:NO,Europe,Northern Europe,,150.0,154.0,,77.0,1.396324619723683,0.030861228677696,4.0,0.01,0.07,1.0,1537000,28.8,188646.0,13000.0,5514477.000000003
Oman,https://upload.wikimedia.org/wikipedia/commons/d/dd/Flag_of_Oman.svg,OM,OMN,512.0,ISO 3166-2:OM,Asia,Western Asia,,142.0,145.0,,4.0,0.08486167440994,0.001603180710529,1.0,0.01,0.03,0.0,792000,16.7,118360.0,31000.0,4713553.000000048
Pakistan,https://upload.wikimedia.org/wikipedia/commons/3/32/Flag_of_Pakistan.svg,PK,PAK,586.0,ISO 3166-2:PK,Asia,Southern Asia,,142.0,34.0,,2948.0,1.202235726167812,1.181544183660382,1721.0,0.11,0.77,0.0,43917000,22.3,2315480.0,944000.0,245209815.0000001
Palau,https://upload.wikimedia.org/wikipedia/commons/4/48/Flag_of_Palau.svg,PW,PLW,585.0,ISO 3166-2:PW,Oceania,Micronesia,,9.0,57.0,,0.0,,,0.0,0.07,0.86,,100,0.5,,30.0,
Palestine,https://upload.wikimedia.org/wikipedia/commons/0/00/Flag_of_Palestine.svg,,,,,,,,,,,265.0,4.822598441518169,0.106210722072592,231.0,1.39,4.67,0.0,56000,1.1,44410.0,33000.0,5494963.0
Panama,https://upload.wikimedia.org/wikipedia/commons/a/ab/Flag_of_Panama.svg,PA,PAN,591.0,ISO 3166-2:PA,Americas,Latin America and the Caribbean,Central America,19.0,419.0,13.0,459.0,10.1370131058991,0.183964986533282,449.0,2.26,10.8,0.0,436000,10.8,,30000.0,4527961.000000001
Papua New Guinea,https://upload.wikimedia.org/wikipedia/commons/e/e3/Flag_of_Papua_New_Guinea.svg,PG,PNG,598.0,ISO 3166-2:PG,Oceania,Melanesia,,9.0,54.0,,141.0,1.34084102874649,0.056512120046171,97.0,0.14,0.98,1.0,79000,1.0,7200.0,4800.0,10515788.000000004
Paraguay,https://upload.wikimedia.org/wikipedia/commons/2/27/Flag_of_Paraguay.svg,PY,PRY,600.0,ISO 3166-2:PY,Americas,Latin America and the Caribbean,South America,19.0,419.0,5.0,624.0,8.981945426045051,0.250096190842631,513.0,1.5,7.4,1.0,1140000,16.7,235780.0,21000.0,6947269.999999999
Peru,https://upload.wikimedia.org/wikipedia/commons/c/cf/Flag_of_Peru.svg,PE,PER,604.0,ISO 3166-2:PE,Americas,Latin America and the Caribbean,South America,19.0,419.0,5.0,879.0,2.534350394960777,0.352298961138899,511.0,0.33,1.5,0.0,633000,2.0,473400.0,142000.0,34683444.0
Philippines,https://upload.wikimedia.org/wikipedia/commons/9/99/Flag_of_the_Philippines.svg,PH,PHL,608.0,ISO 3166-2:PH,Asia,South-eastern Asia,,142.0,35.0,,9268.0,7.781289414397017,3.714569706297293,9028.0,1.41,8.05,0.0,3776000,3.6,454700.0,139043.0,119106224.0
Poland,https://upload.wikimedia.org/wikipedia/en/1/12/Flag_of_Poland.svg,PL,POL,616.0,ISO 3166-2:PL,Europe,Eastern Europe,,150.0,151.0,,111.0,0.275970255478345,0.044488264717198,35.0,0.01,0.09,0.0,968000,2.5,307200.0,188000.0,40221726.00000003
Portugal,https://upload.wikimedia.org/wikipedia/commons/5/5c/Flag_of_Portugal.svg,PT,PRT,620.0,ISO 3166-2:PT,Europe,Southern Europe,,150.0,39.0,,211.0,2.063902934351551,0.084567782480441,47.0,0.04,0.44,1.0,2186000,21.3,333640.0,89000.0,10223349.000000004
Qatar,https://upload.wikimedia.org/wikipedia/commons/6/65/Flag_of_Qatar.svg,QA,QAT,634.0,ISO 3166-2:QA,Asia,Western Asia,,142.0,145.0,,7.0,0.255748775785413,0.002805566243426,4.0,0.09,0.14,0.0,390000,16.7,30680.0,5000.0,2737061.0000000065
Romania,https://upload.wikimedia.org/wikipedia/commons/7/73/Flag_of_Romania.svg,RO,ROU,642.0,ISO 3166-2:RO,Europe,Eastern Europe,,150.0,151.0,,31.0,0.15801012447324,0.012424650506605,13.0,0.0,0.07,0.0,506000,2.6,240180.0,251000.0,19618996.00000001
Russia,https://upload.wikimedia.org/wikipedia/en/f/f3/Flag_of_Russia.svg,RU,RUS,643.0,ISO 3166-2:RU,Europe,Eastern Europe,,150.0,151.0,,2480.0,1.7227357051333332,0.993972040528408,1145.0,0.06,0.78,1.0,17620000,12.3,30272900.0,2432000.0,143957079.00000003
Rwanda,https://upload.wikimedia.org/wikipedia/commons/1/17/Flag_of_Rwanda.svg,RW,RWA,646.0,ISO 3166-2:RW,Africa,Sub-Saharan Africa,Eastern Africa,2.0,202.0,14.0,251.0,1.7412526335578922,0.100599589585738,134.0,0.2,1.06,1.0,66000,0.5,66500.0,14000.0,14414910.000000004
Saint Kitts and Nevis,https://upload.wikimedia.org/wikipedia/commons/f/fe/Flag_of_Saint_Kitts_and_Nevis.svg,KN,KNA,659.0,ISO 3166-2:KN,Americas,Latin America and the Caribbean,Caribbean,19.0,419.0,29.0,9.0,18.809956737099505,0.003607156598691,7.0,1.43,12.08,,2000,3.4,,450.0,47847.0
Saint Lucia,https://upload.wikimedia.org/wikipedia/commons/9/9f/Flag_of_Saint_Lucia.svg,LC,LCA,662.0,ISO 3166-2:LC,Americas,Latin America and the Caribbean,Caribbean,19.0,419.0,29.0,20.0,11.061640994441523,0.008015903552648,17.0,1.24,9.96,0.0,6000,3.4,,831.0,180805.0
Samoa,https://upload.wikimedia.org/wikipedia/commons/3/31/Flag_of_Samoa.svg,WS,WSM,882.0,ISO 3166-2:WS,Oceania,Polynesia,,9.0,61.0,,3.0,1.3102382013049971,0.001202385532897,2.0,0.13,0.86,0.0,20000,10.1,,500.0,228966.0
San Marino,https://upload.wikimedia.org/wikipedia/commons/b/b1/Flag_of_San_Marino.svg,SM,SMR,674.0,ISO 3166-2:SM,Europe,Southern Europe,,150.0,39.0,,1.0,2.97495091330993,0.000400795177632,0.0,0.01,0.08,,5000,14.4,,160.0,33614.00000000001
Sao Tome and Principe,https://upload.wikimedia.org/wikipedia/commons/4/4f/Flag_of_Sao_Tome_and_Principe.svg,ST,STP,678.0,ISO 3166-2:ST,Africa,Sub-Saharan Africa,Middle Africa,2.0,202.0,17.0,4.0,1.6921833819130971,0.001603180710529,3.0,0.31,1.55,0.0,7000,3.4,570.0,300.0,236381.0000000001
Saudi Arabia,https://upload.wikimedia.org/wikipedia/commons/0/0d/Flag_of_Saudi_Arabia.svg,SA,SAU,682.0,ISO 3166-2:SA,Asia,Western Asia,,142.0,145.0,,534.0,1.424990691528502,0.214024624855713,80.0,0.06,0.22,0.0,5468000,16.7,481350.0,214000.0,37473929.00000001
Senegal,https://upload.wikimedia.org/wikipedia/commons/f/fd/Flag_of_Senegal.svg,SN,SEN,686.0,ISO 3166-2:SN,Africa,Sub-Saharan Africa,Western Africa,2.0,202.0,11.0,241.0,1.322608533064143,0.096591637809413,63.0,0.07,0.42,1.0,323000,2.0,16320.0,6000.0,18221567.0
Serbia,https://upload.wikimedia.org/wikipedia/commons/f/ff/Flag_of_Serbia.svg,RS,SRB,688.0,ISO 3166-2:RS,Europe,Southern Europe,,150.0,39.0,,300.0,4.227121550034747,0.120238553289726,79.0,0.07,0.9,2.0,2719000,39.1,384422.0,53100.0,7097028.0
Seychelles,https://upload.wikimedia.org/wikipedia/commons/f/fc/Flag_of_Seychelles.svg,SC,SYC,690.0,ISO 3166-2:SC,Africa,Sub-Saharan Africa,Eastern Africa,2.0,202.0,14.0,2.0,1.847353204695972,0.000801590355264,2.0,0.24,1.89,0.0,4000,4.1,798.0,200.0,108262.99999999996
Sierra Leone,https://upload.wikimedia.org/wikipedia/commons/1/17/Flag_of_Sierra_Leone.svg,SL,SLE,694.0,ISO 3166-2:SL,Africa,Sub-Saharan Africa,Western Africa,2.0,202.0,11.0,157.0,1.748724544919498,0.06292484288829,43.0,0.06,0.52,1.0,35000,0.5,10200.0,12000.0,8977972.000000002
Singapore,https://upload.wikimedia.org/wikipedia/commons/4/48/Flag_of_Singapore.svg,SG,SGP,702.0,ISO 3166-2:SG,Asia,South-eastern Asia,,142.0,35.0,,3.0,0.049564583395633,0.001202385532897,1.0,0.0,0.01,0.0,20000,0.3,574140.0,9000.0,6052709.000000032
Slovakia,https://upload.wikimedia.org/wikipedia/commons/e/e6/Flag_of_Slovakia.svg,SK,SVK,703.0,ISO 3166-2:SK,Europe,Eastern Europe,,150.0,151.0,,75.0,1.31513605871609,0.030059638322431,15.0,0.03,0.28,0.0,355000,6.5,33150.0,43000.0,5702832.000000002
Slovenia,https://upload.wikimedia.org/wikipedia/commons/f/f0/Flag_of_Slovenia.svg,SI,SVN,705.0,ISO 3166-2:SI,Europe,Southern Europe,,150.0,39.0,,36.0,1.6989426441682611,0.014428626394767,4.0,0.02,0.2,1.0,324000,15.6,131686.0,13000.0,2118965.0000000005
Solomon Islands,https://upload.wikimedia.org/wikipedia/commons/7/74/Flag_of_the_Solomon_Islands.svg,SB,SLB,90.0,ISO 3166-2:SB,Oceania,Melanesia,,9.0,54.0,,28.0,3.700409556043364,0.011222264973707,12.0,0.19,1.77,1.0,1000,0.2,,70.0,756673.0
Somalia,https://upload.wikimedia.org/wikipedia/commons/a/a0/Flag_of_Somalia.svg,SO,SOM,706.0,ISO 3166-2:SO,Africa,Sub-Saharan Africa,Eastern Africa,2.0,202.0,14.0,1313.0,7.018792295172878,0.526244068231371,783.0,0.42,3.85,1.0,1145000,12.4,37620.0,8000.0,18706922.0
South Africa,https://upload.wikimedia.org/wikipedia/commons/a/af/Flag_of_South_Africa.svg,ZA,ZAF,710.0,ISO 3166-2:ZA,Africa,Sub-Saharan Africa,Southern Africa,2.0,202.0,18.0,3610.0,5.916071657623134,1.446870591253046,2937.0,0.56,5.28,0.0,5351000,9.7,350636.0,250481.0,61020221.0
South Sudan,https://upload.wikimedia.org/wikipedia/commons/7/7a/Flag_of_South_Sudan.svg,SS,SSD,728.0,ISO 3166-2:SS,Africa,Sub-Saharan Africa,Eastern Africa,2.0,202.0,14.0,295.0,2.615922615511162,0.118234577401564,202.0,0.28,2.18,1.0,1255000,9.6,351500.0,,11277092.0
Spain,https://upload.wikimedia.org/wikipedia/en/9/9a/Flag_of_Spain.svg,ES,ESP,724.0,ISO 3166-2:ES,Europe,Southern Europe,,150.0,39.0,,303.0,0.638252521050063,0.121440938822624,70.0,0.02,0.15,0.0,3464000,7.5,333660.0,264196.0,47473373.00000001
Sri Lanka,https://upload.wikimedia.org/wikipedia/commons/1/11/Flag_of_Sri_Lanka.svg,LK,LKA,144.0,ISO 3166-2:LK,Asia,Southern Asia,,142.0,34.0,,311.0,1.416903743669264,0.124647300243683,223.0,0.16,1.02,0.0,494000,2.4,509700.0,134000.0,21949268.00000001
Sudan,https://upload.wikimedia.org/wikipedia/commons/0/01/Flag_of_Sudan.svg,SD,SDN,729.0,ISO 3166-2:SD,Africa,Northern Africa,,2.0,15.0,,451.0,0.9137281022325192,0.180758625112222,207.0,0.1,0.51,0.0,2768000,6.6,590170.0,129000.0,49358228.000000015
Suriname,https://upload.wikimedia.org/wikipedia/commons/6/60/Flag_of_Suriname.svg,SR,SUR,740.0,ISO 3166-2:SR,Americas,Latin America and the Caribbean,South America,19.0,419.0,5.0,27.0,4.293995562871252,0.010821469796075,17.0,0.39,2.94,1.0,88000,15.9,5985.0,2000.0,628785.0
Sweden,https://upload.wikimedia.org/wikipedia/en/4/4c/Flag_of_Sweden.svg,SE,SWE,752.0,ISO 3166-2:SE,Europe,Northern Europe,,150.0,154.0,,151.0,1.414696296090875,0.060520071822495,24.0,0.03,0.24,1.0,2296000,23.1,139180.0,38000.0,10673669.000000004
Switzerland,https://upload.wikimedia.org/wikipedia/commons/0/08/Flag_of_Switzerland_%28Pantone%29.svg,CH,CHE,756.0,ISO 3166-2:CH,Europe,Western Europe,,150.0,155.0,,239.0,2.700128374722686,0.095790047454149,18.0,0.03,0.21,2.0,2332000,27.6,324484.0,34000.0,8851431.0
Syria,https://upload.wikimedia.org/wikipedia/commons/5/53/Flag_of_Syria.svg,SY,SYR,760.0,ISO 3166-2:SY,Asia,Western Asia,,142.0,145.0,,180.0,0.739278824471098,0.072143131973836,146.0,0.17,1.0,0.0,1547000,8.2,655500.0,124000.0,24348053.00000001
Tajikistan,https://upload.wikimedia.org/wikipedia/commons/d/d0/Flag_of_Tajikistan.svg,TJ,TJK,762.0,ISO 3166-2:TJ,Asia,Central Asia,,142.0,143.0,,40.0,0.387164977675583,0.016031807105296,17.0,0.03,0.18,0.0,37000,0.4,56490.0,9000.0,10331513.00000001
Tanzania,https://upload.wikimedia.org/wikipedia/commons/3/38/Flag_of_Tanzania.svg,TZ,TZA,834.0,ISO 3166-2:TZ,Africa,Sub-Saharan Africa,Eastern Africa,2.0,202.0,14.0,1685.0,2.427286806321945,0.675339874310632,1159.0,0.33,2.04,0.0,427000,0.8,190050.0,37000.0,69419073.00000003
Thailand,https://upload.wikimedia.org/wikipedia/commons/a/a9/Flag_of_Thailand.svg,TH,THA,764.0,ISO 3166-2:TH,Asia,South-eastern Asia,,142.0,35.0,,2804.0,3.900631333318003,1.123829678081313,2351.0,0.47,3.35,0.0,10342000,15.1,1052815.0,230000.0,71885799.00000001
Togo,https://upload.wikimedia.org/wikipedia/commons/6/68/Flag_of_Togo.svg,TG,TGO,768.0,ISO 3166-2:TG,Africa,Sub-Saharan Africa,Western Africa,2.0,202.0,11.0,268.0,2.89389845267137,0.107413107605489,176.0,0.33,2.22,1.0,58000,0.8,12850.0,5000.0,9260864.000000002
Tonga,https://upload.wikimedia.org/wikipedia/commons/9/9a/Flag_of_Tonga.svg,TO,TON,776.0,ISO 3166-2:TO,Oceania,Polynesia,,9.0,61.0,,0.0,,,0.0,0.03,0.2,0.0,9000,8.0,,200.0,
Trinidad and Tobago,https://upload.wikimedia.org/wikipedia/commons/6/64/Flag_of_Trinidad_and_Tobago.svg,TT,TTO,780.0,ISO 3166-2:TT,Americas,Latin America and the Caribbean,Caribbean,19.0,419.0,29.0,222.0,14.432453517097908,0.088976529434397,217.0,1.84,15.62,0.0,43000,3.2,7695.0,9000.0,1538199.9999999998
Tunisia,https://upload.wikimedia.org/wikipedia/commons/c/ce/Flag_of_Tunisia.svg,TN,TUN,788.0,ISO 3166-2:TN,Africa,Northern Africa,,2.0,15.0,,80.0,0.6367049753479771,0.032063614210593,24.0,0.04,0.21,0.0,123000,1.1,68020.0,73000.0,12564689.000000002
Turkey,https://upload.wikimedia.org/wikipedia/commons/b/b4/Flag_of_Turkey.svg,TR,TUR,792.0,ISO 3166-2:TR,Asia,Western Asia,,142.0,145.0,,2232.0,2.587513575316938,0.894574836475567,967.0,0.21,1.19,0.0,13249000,16.5,1390180.0,620000.0,86260417.0
Turkmenistan,https://upload.wikimedia.org/wikipedia/commons/1/1b/Flag_of_Turkmenistan.svg,TM,TKM,795.0,ISO 3166-2:TM,Asia,Central Asia,,142.0,143.0,,57.0,0.863888854788013,0.022845325125048,33.0,0.1,0.64,0.0,23000,0.4,184700.0,27000.0,6598071.0
Tuvalu,https://upload.wikimedia.org/wikipedia/commons/3/38/Flag_of_Tuvalu.svg,TV,TUV,798.0,ISO 3166-2:TV,Oceania,Polynesia,,9.0,61.0,,0.0,,,0.0,0.12,1.1,,100,1.2,,26.0,
Uganda,https://upload.wikimedia.org/wikipedia/commons/4/4e/Flag_of_Uganda.svg,UG,UGA,800.0,ISO 3166-2:UG,Africa,Sub-Saharan Africa,Eastern Africa,2.0,202.0,14.0,1108.0,2.219362245026725,0.444081056816724,799.0,0.33,1.94,0.0,331000,0.8,116660.0,54000.0,49924252.000000015
Ukraine,https://upload.wikimedia.org/wikipedia/commons/4/49/Flag_of_Ukraine.svg,UA,UKR,804.0,ISO 3166-2:UA,Europe,Eastern Europe,,150.0,151.0,,917.0,2.41711299128118,0.367529177888931,289.0,0.04,0.66,0.0,4396000,9.9,6600000.0,289000.0,37937821.00000001
United Arab Emirates,https://upload.wikimedia.org/wikipedia/commons/c/cb/Flag_of_the_United_Arab_Emirates.svg,AE,ARE,784.0,ISO 3166-2:AE,Asia,Western Asia,,142.0,145.0,,89.0,0.927870766993614,0.035670770809285,38.0,0.13,0.41,0.0,1569000,16.7,163800.0,41000.0,9591853.000000002
United Kingdom,https://upload.wikimedia.org/wikipedia/en/a/ae/Flag_of_the_United_Kingdom.svg,GB,GBR,826.0,ISO 3166-2:GB,Europe,Northern Europe,,150.0,154.0,,161.0,0.236899045059949,0.06452802359882,27.0,0.0,0.04,0.0,3584000,5.1,539680.0,46000.0,67961439.0000001
United States,https://upload.wikimedia.org/wikipedia/en/a/a4/Flag_of_the_United_States.svg,US,USA,840.0,ISO 3166-2:US,Americas,Northern America,,19.0,21.0,,37040.0,10.83628946958996,14.84545337950494,13001.0,0.44,3.96,6.0,393347000,120.5,4535380.0,1016000.0,341814420.0
Uruguay,https://upload.wikimedia.org/wikipedia/commons/f/fe/Flag_of_Uruguay.svg,UY,URY,858.0,ISO 3166-2:UY,Americas,Latin America and the Caribbean,South America,19.0,419.0,5.0,383.0,11.18798264606598,0.153504553033217,140.0,0.41,4.07,4.0,1198000,34.7,62130.0,30000.0,3423316.0
Uzbekistan,https://upload.wikimedia.org/wikipedia/commons/8/84/Flag_of_Uzbekistan.svg,UZ,UZB,860.0,ISO 3166-2:UZ,Asia,Central Asia,,142.0,143.0,,58.0,0.162584287338686,0.02324612030268,29.0,0.01,0.09,0.0,127000,0.4,268400.0,150000.0,35673804.00000021
Vanuatu,https://upload.wikimedia.org/wikipedia/commons/b/bc/Flag_of_Vanuatu.svg,VU,VUT,548.0,ISO 3166-2:VU,Oceania,Melanesia,,9.0,54.0,,4.0,1.168480245380851,0.001603180710529,0.0,0.02,0.16,1.0,11000,3.9,,350.0,342325.0000000002
Venezuela,https://upload.wikimedia.org/wikipedia/commons/0/06/Flag_of_Venezuela.svg,VE,VEN,862.0,ISO 3166-2:VE,Americas,Latin America and the Caribbean,South America,19.0,419.0,5.0,10599.0,36.05674288307117,4.248028087726048,9338.0,4.99,33.27,3.0,5895000,18.5,353300.0,173000.0,29395334.0
Vietnam,https://upload.wikimedia.org/wikipedia/commons/2/21/Flag_of_Vietnam.svg,VN,VNM,704.0,ISO 3166-2:VN,Asia,South-eastern Asia,,142.0,35.0,,506.0,0.508554571322668,0.202802359882005,128.0,0.02,0.13,0.0,1562000,1.6,3829200.0,285000.0,99497680.0
Yemen,https://upload.wikimedia.org/wikipedia/commons/8/89/Flag_of_Yemen.svg,YE,YEM,887.0,ISO 3166-2:YE,Asia,Western Asia,,142.0,145.0,,472.0,1.340153236868989,0.189175323842503,243.0,0.14,0.77,0.0,14859000,52.8,28500.0,,35219853.000000015
Zambia,https://upload.wikimedia.org/wikipedia/commons/0/06/Flag_of_Zambia.svg,ZM,ZMB,894.0,ISO 3166-2:ZM,Africa,Sub-Saharan Africa,Eastern Africa,2.0,202.0,14.0,742.0,3.51081480002432,0.297390021803257,537.0,0.43,2.95,1.0,158000,0.9,41040.0,16000.0,21134695.000000004
Zimbabwe,https://upload.wikimedia.org/wikipedia/commons/6/6a/Flag_of_Zimbabwe.svg,ZW,ZWE,716.0,ISO 3166-2:ZW,Africa,Sub-Saharan Africa,Eastern Africa,2.0,202.0,14.0,253.0,1.486458451635548,0.101401179941002,119.0,0.09,0.79,3.0,455000,2.8,91580.0,23000.0,17020321.0
American Samoa,,AS,ASM,16.0,ISO 3166-2:AS,Oceania,Polynesia,,9.0,61.0,,0.0,,,0.0,0.06,0.42,0.0,400,0.7000000000000001,,90.0,
Bermuda,https://upload.wikimedia.org/wikipedia/commons/b/bf/Flag_of_Bermuda.svg,BM,BMU,60.0,ISO 3166-2:BM,Americas,Northern America,,19.0,21.0,,1.0,1.564088527410651,0.000400795177632,1.0,0.16,1.42,0.0,3000,4.6,,500.0,63935.00000000002
Gambia,,GM,GMB,270.0,ISO 3166-2:GM,Africa,Sub-Saharan Africa,Western Africa,2.0,202.0,11.0,30.0,1.05566782778398,0.012023855328972,5.0,0.04,0.22,1.0,137000,6.5,1080.0,5000.0,2841803.0000000023
Greenland,,GL,GRL,304.0,ISO 3166-2:GL,Americas,Northern America,,19.0,21.0,,10.0,17.609044005000968,0.004007951776324,1.0,0.25,2.18,22.0,13000,22.3,,300.0,56789.0
Guam,,GU,GUM,316.0,ISO 3166-2:GU,Oceania,Micronesia,,9.0,57.0,,4.0,2.297345417370228,0.001603180710529,1.0,0.09,0.5700000000000001,1.0,20000,11.5,,500.0,174114.00000000003
Northern Mariana Islands,,MP,MNP,580.0,ISO 3166-2:MP,Oceania,Micronesia,,9.0,57.0,,1.0,1.999000499750125,0.000400795177632,0.0,0.12,1.02,,1000,2.6,,80.0,50025.0
Saint Vincent and the Grenadines,,VC,VCT,670.0,ISO 3166-2:VC,Americas,Latin America and the Caribbean,Caribbean,19.0,419.0,29.0,13.0,12.538217451269734,0.005210337309221,11.0,1.04,9.43,0.0,4000,3.4,,854.0,103683.0
Taiwan,,TW,TWN,158.0,ISO 3166-2:TW,Asia,Eastern Asia,,142.0,30.0,,51.0,0.212941729873478,0.020440554059253,30.0,0.02,0.13,0.0,10000,0.0,2022150.0,76000.0,23950214.00000004
Timor-Leste,,TL,TLS,626.0,ISO 3166-2:TL,Asia,South-eastern Asia,,142.0,35.0,,13.0,0.942108859954068,0.005210337309221,11.0,0.14,0.8300000000000001,0.0,3000,0.3,2527.0,4000.0,1379883.0000000007
